{"cameraMode":{"drawMode":0,"name":"Shaded","section":"Shading Mode"},"sceneLighting":false,"audioPlay":false,"sceneViewState":{"m_AlwaysRefresh":false,"showFog":true,"showSkybox":true,"showFlares":true,"showImageEffects":true,"showParticleSystems":true,"showVisualEffectGraphs":true,"m_FxEnabled":true},"in2DMode":false,"pivot":{"x":-14.895030975341797,"y":19.42717170715332,"z":6.0775604248046879},"rotation":{"x":-0.12636348605155946,"y":-0.8309090733528137,"z":0.2102271169424057,"w":-0.49943581223487856},"size":1.2247449159622193,"orthographic":false}