{"cameraMode":{"drawMode":0,"name":"Shaded","section":"Shading Mode"},"sceneLighting":false,"audioPlay":false,"sceneViewState":{"m_AlwaysRefresh":true,"showFog":true,"showSkybox":false,"showFlares":true,"showImageEffects":true,"showParticleSystems":true,"showVisualEffectGraphs":true,"m_FxEnabled":true},"in2DMode":false,"pivot":{"x":-0.053388118743896487,"y":0.26683497428894045,"z":-0.24929630756378175},"rotation":{"x":0.12833110988140107,"y":-0.8176169991493225,"z":0.2000841647386551,"w":0.5244078040122986},"size":2.826539993286133,"orthographic":false}