{"cameraMode":{"drawMode":0,"name":"Shaded","section":"Shading Mode"},"sceneLighting":false,"audioPlay":false,"sceneViewState":{"m_AlwaysRefresh":true,"showFog":true,"showSkybox":true,"showFlares":true,"showImageEffects":true,"showParticleSystems":true,"showVisualEffectGraphs":true,"m_FxEnabled":true},"in2DMode":false,"pivot":{"x":2.6830644607543947,"y":1.6581645011901856,"z":-11.224281311035157},"rotation":{"x":-0.13258635997772218,"y":-0.32871487736701968,"z":0.046607255935668948,"w":-0.9339619278907776},"size":12.12435531616211,"orthographic":false}